#{"t_start": 1610889711.1302059, "env_id": "Reacher-v2"}
r,l,t
-177.191557,50,1.773109
-130.134284,50,1.841665
-137.250481,50,2.146843
-150.845266,50,2.532137
-88.183364,50,2.913595
-187.314766,50,3.296744
-158.569873,50,6.161593
-107.536048,50,14.330172
-120.992742,50,22.456467
-145.756883,50,30.728589
